country_long,2001,2002,2003,2004,2005,2006,2007,2008,2009,2010,2011,2012,2013,2014,2015,2016,2017,2018
Aruba,,,,,,,,,,,,,,,,,,
Africa Eastern and Southern,0.971980786600712,0.9757491349559252,1.00996289646531,1.05718153490629,1.03299842832055,1.02364555057226,1.04596778455517,1.08644884945052,1.02195356572593,1.04887555573041,1.0053381095460998,1.02164632918829,1.03183309057281,1.0411447920002,0.987393167382925,0.971016455310255,0.959978016817397,0.9335412011362272
Afghanistan,0.0374878650392429,0.0486708995010525,0.0570080382600792,0.0456996082249427,0.0639269698296666,0.0733929460601948,0.0870831291861248,0.158356377673251,0.211306250868557,0.297065211570221,0.407073503097594,0.335351023308404,0.263715760645502,0.2340369144237579,0.2321756312467489,0.208857195602366,0.20332756862023,0.200151071015376
Africa Western and Central,0.4741396848014699,0.474875185600127,0.4745922653759099,0.474318246383295,0.50945830203757,0.4879525095482599,0.475147837749212,0.4750245446930429,0.426769596319387,0.472819124711189,0.497022584362617,0.490866786557112,0.504655298587815,0.5076711206706189,0.480743071312896,0.4729593640183879,0.4764377689563769,0.515544238958445
Angola,0.7618428050969469,0.777423085629899,0.993848349116355,1.02835366708572,0.937036691701652,1.0094340395153198,1.1236352782253,1.1559928457501798,1.20590158910291,1.2215147407886202,1.2163169789758,1.2047988832211298,1.26154174238672,1.28536455265954,1.26092098873993,1.2277029417926002,1.03431729977182,0.8873803639083899
Albania,1.0522280929869,1.22910118288698,1.35214448140818,1.41727335767255,1.35149180454706,1.35336220283257,1.42086728796502,1.41484755272088,1.47565225025013,1.57225093811545,1.7348233079018798,1.57909199452076,1.65452427763954,1.80678854066866,1.75998705871449,1.71412617289866,1.94887203810602,1.93973156347946
Andorra,7.72154906153481,7.56624029237094,7.2424159606449905,7.344262295081969,7.35378022340277,6.790542626088031,6.531046660700031,6.4393036012401605,6.15668770201632,6.1571980012787995,5.85088599130725,5.94465405752969,5.94280054475672,5.8071276179415,6.02618183683151,6.08060029756129,6.1041339272958695,5.97340536048203
Arab World,3.2825094803969903,3.3472267977435695,3.3617277707251096,3.47423984595025,3.7042979260436497,3.80164616101133,3.883139873856939,4.0935381954936805,4.19327154821276,4.32200192749412,4.30874050686413,4.512189409484611,4.49519443939826,4.600190659035519,4.617963544634719,4.57030837009204,4.52835061157416,4.438715965413571
United Arab Emirates,29.145656219324497,28.2053795466155,27.891143450673,27.0315641070576,25.3431503532305,22.916237435313395,21.3475907811607,22.0326269069436,19.8525570618923,19.0432793083694,18.589932599199397,19.223116133525,20.0154208978824,19.9518524813163,20.9480922596993,21.307609517171,21.950614332607497,20.7974984025486
Argentina,3.34990858910446,3.1174247964060497,3.3701021737474104,3.6851842085505098,3.76212392773554,3.954453814005421,4.12329277901139,4.19534263823654,3.88906040211758,4.1222450873535195,4.29601548562594,4.277881788849,4.3598863443976095,4.216360632301759,4.31443352245988,4.22753944174089,4.0894715157252,3.987234198058899
Armenia,1.1800624515273,1.02835355322521,1.15973224102019,1.25303469339807,1.4960107498099802,1.51776306738226,1.77316149579812,1.95693033637535,1.56158352186598,1.50835119142367,1.71734336020825,1.98319210023857,1.8981271696887696,1.88160773079824,1.82529219202211,1.7267527817919202,1.80658104876105,1.88024626821933
American Samoa,,,,,,,,,,,,,,,,,,
Antigua and Barbuda,4.532974149096,4.980970139722599,5.1695225126401105,4.97840616326683,5.03302153151162,5.31947047089403,5.474300539099599,5.62100381759843,16.0243477859885,5.566284221288201,5.71428571428571,7.96398508965014,5.136050704841,5.18571335969404,5.23666520610018,5.289885738468049,5.2397170552790095,5.50466338464095
Australia,17.769535878019898,17.9574992112521,17.692029313308602,18.1478978904379,18.117853570518,18.1206789094546,18.5028519848662,18.2830412439057,18.2074249597772,17.5814449601144,17.2681103655036,16.9692565563587,16.3986459950997,15.755876100915598,15.7864494009173,15.8720795379851,15.7386474030825,15.475516485656
Austria,8.44410916140459,8.58331713469893,9.16834402049986,9.275613726244089,9.26611381933193,8.96156938002267,8.58780201813347,8.49967361637859,7.721144201177401,8.36501501063443,8.13547478127942,7.723614414297709,7.753699576040679,7.253383781344941,7.306745265570401,7.25562651573804,7.482751479215961,7.14663762463773
Azerbaijan,4.77364631620475,4.66596100074034,4.17046185982682,4.10401492806838,4.36733259054916,4.0273202468015405,3.2058079778122206,3.375402241139279,2.80980409272443,2.6672315528080897,3.11345739632547,3.30902697394862,3.3334037748063303,3.4221006454167795,3.33390642946498,3.34706182082623,3.24435690442685,3.22140218320925
Burundi,0.0321812151810745,0.0328156515144871,0.0246050135465073,0.0224350812879083,0.0217247938418899,0.0249742042758467,0.0241661839789393,0.0246120404070635,0.0238161554747209,0.0368850314318101,0.0413019905550161,0.042180438832307,0.0429755787605046,0.0396168300827047,0.0403541956650932,0.0438596407590311,0.0526461137470086,0.0527946300523678
Belgium,11.5043206822099,10.7279886303644,11.1313145272907,10.9412245516012,10.555782313639302,10.3005719211244,9.84311621822562,9.98415215425847,9.23170144231094,9.771847058065529,8.65806434779962,8.54961568145011,8.65727005028135,8.04349554115034,8.44406111087655,8.32375671826537,8.1554911149366,8.179711061136139
Benin,0.260007167154086,0.290594072977493,0.31646596342079,0.326451486534908,0.348273908158166,0.46611292127085,0.519232293173456,0.5001773617426409,0.525450061952798,0.552218690776448,0.5263809334256011,0.487190487574895,0.501769487097627,0.535635874149484,0.5663787369886539,0.6650066335101529,0.658601659819357,0.688722324311593
Burkina Faso,0.0853943153674019,0.0829733955568723,0.0869247478234043,0.0867191135679651,0.0856806414276332,0.101235265478276,0.1178779526760719,0.13002285611201,0.127467638080145,0.133929621329696,0.13679962865119,0.1635362252652969,0.173961011998565,0.171727227334835,0.1877351935461499,0.187704296015038,0.212053871478473,0.2161864845880299
Bangladesh,0.198172463991475,0.207053126231595,0.2124019629176,0.222868792353146,0.235263647224499,0.2547523844432889,0.266296779341981,0.288141373384069,0.306664813200526,0.342739973529334,0.364566607143118,0.3840251548595179,0.39656611450694,0.4128985227131559,0.458797539455164,0.466776363121019,0.492906612933688,0.5128373137702961
Bulgaria,5.76591100519881,5.56706695192302,6.1592264865516295,6.11388569962394,6.25149171455386,6.442554698565531,6.9738426562203095,6.67728964769189,5.7720906721967005,6.064417500191669,6.759360768871501,6.175840637031389,5.480986880455441,5.84584197704908,6.2259760426002195,5.855926256295401,6.223901903165751,5.854773433933519
Bahrain,23.4965235466992,23.4241096933917,23.063844213748897,21.606418540307494,23.2804780258155,23.476064326503,22.212054166135697,22.222321905180603,20.867877560492,20.9370245248472,20.3653240261534,20.4393734489693,21.8702401239821,22.6185245866057,22.3055968824648,21.1811953067521,20.3336240367799,19.592975838515603
"Bahamas, The",7.038576687440929,7.41085039508284,7.18567463903961,6.77343184077418,6.218292863123679,6.10212909930158,6.1353875519803704,6.13943202979516,17.2196796338673,5.86021141839656,6.73001782620424,10.0115242545678,8.47037547458615,7.069139966273191,6.33351149118119,5.7948312222331,5.6319728407933,5.86046391017413
Bosnia and Herzegovina,3.66394586733001,3.87296978312167,3.94983864404113,4.13634366347749,4.3103768804450695,4.75643898612161,5.0202097326160295,5.5297167671613705,5.51132310566671,5.62410571591573,6.48426064542703,6.091586841728589,6.16778985366107,5.59718744920459,5.71826479677561,6.5972430375313404,6.75809942551679,6.78113160660171
Belarus,5.211234793724639,5.247554418669901,5.364024330928559,5.73167144665661,5.84442226571736,6.12290112862944,5.99835602162253,6.32557670903134,6.016768059376661,6.47694667440346,6.1594996902832495,6.3172942666249,6.331081659966719,6.27684109501799,5.7842171906639805,5.81064068180991,5.92108199982649,6.25402079970694
Belize,2.0778772719431697,1.98180550103473,1.89289903053877,1.5912279940401295,1.6561075130903,1.75054404162862,1.77239149118319,1.6296093500466102,4.64000254246715,1.73662257919464,1.93800797005778,2.04141407865657,1.44631147185333,1.3866642517955905,1.8286296914048896,1.7643913257093502,1.7297584991018602,1.77512784836231
Bermuda,,,,,,,,,,,,,,,,,,
Bolivia,0.919554269086054,0.9413436531133772,1.02292658059561,1.03869823544797,1.090735668172,1.18780911907456,1.25962003415202,1.3393054148159098,1.40316587403475,1.49672635891359,1.6106999827963502,1.66222170915514,1.76051411565231,1.88389931104579,1.8776911887064,1.95887859684466,1.9878756560101296,2.00032766265544
Brazil,1.80342619486481,1.76720718153163,1.7015086427618602,1.77580703557726,1.77572199746423,1.77490938079997,1.84883593997795,1.9380268626479,1.8094606429673896,2.0322038162317697,2.11184451477929,2.26687811082304,2.4018595205759903,2.49936201612059,2.34736573083425,2.14349752363003,2.16442150357383,2.04187419904738
Barbados,4.8441433572849295,5.01055141666941,5.030419456787599,4.94037045513163,5.13896931094383,5.297774574285969,5.3103505190149995,6.35836911404342,16.4350229627864,5.635679879205049,5.9013311565549005,7.78997384542718,5.20587842163394,4.52909681383306,4.52112838953201,4.58365698850237,4.19244730617792,4.36087077867709
Brunei Darussalam,12.6750912400709,12.572921502867802,14.8601027469961,13.6881875392979,13.2014286027301,19.4997056138626,18.241605261263,19.0291446373129,19.3538976092857,17.6515693428779,17.8060235669453,17.869808544926396,17.3584495096609,17.0092098648537,14.4126252669228,15.269503157523598,15.807539088910902,16.644908616187998
Bhutan,0.596378985592478,0.6493242969035351,0.5733944954128439,0.485278072162415,0.631990430740014,0.608453857901686,0.586578188616473,0.59558285972088,0.5454580299530171,0.6856289259549939,0.966396796755215,1.08326610431853,1.19678697895767,1.30727498529316,1.3188896597676798,1.66959411216958,1.78388680768761,1.82927799192997
Botswana,2.3108975239359997,2.36413969660403,2.2601645422849703,2.24861274187455,2.37899767491886,2.22777683667672,2.30343734703736,2.2916671016832004,2.09368337262189,1.69593368446374,1.98471176527211,2.51525948603394,2.69569091867304,3.4137389346740603,3.39979516352025,3.2964107550030697,3.5690379832713197,3.64230521985371
Central African Republic,0.0671679004066613,0.0657526349053386,0.0618367843841507,0.0606078512925761,0.0594297713439548,0.0631362954778628,0.061934195393811,0.0608419401277868,0.0599406633540997,0.061548772272962,0.0656310687521655,0.0676222288692369,0.0674468771533821,0.0672017268155723,0.0689935904954429,0.0683168039724238,0.0674496189422899,0.0707187056333878
Canada,16.3418845783401,16.7560164628412,17.2342155682583,16.8202561907387,17.0566372965331,16.611928080946697,17.3708402727049,16.5488028165328,15.4866819144667,15.7339140263037,15.950224768522,15.7612634959816,15.858128708318,15.8541384273439,15.651386155996,15.2447471768292,15.3852910477258,15.4970252672198
Central Europe and the Baltics,6.6865105503721605,6.6003332412395,6.91428613927647,6.92427459743055,6.927355354808719,7.099956367668071,7.192342046045179,7.0526354274999,6.521535327010679,6.7861538061237505,6.803902523198731,6.56254306163762,6.326934970979639,6.142062500684201,6.24998268897351,6.37248993580012,6.6259439670661,6.59723248598714
Switzerland,6.24632253984659,5.980985216657309,6.10982339421946,6.12750985334168,6.1650250130595,6.077017782358849,5.7660343496200595,5.8789109108323805,5.63932761445853,5.77770297392596,5.20575431114562,5.3108338384273495,5.37497098034872,4.85183819699684,4.7124044781244505,4.730490994153111,4.5694192033924,4.401991043569019
Channel Islands,,,,,,,,,,,,,,,,,,
Chile,3.08518010181932,3.10435589779484,3.14896563324525,3.41742714255136,3.44318038637897,3.4883350503931405,3.91646780338606,4.08480718064214,3.8712121104448505,4.08614642223947,4.43726621229803,4.51082647202854,4.7201404591785,4.30148844789357,4.5616548528506,4.73170735993575,4.71239578277393,4.6248722447118
China,2.7729291976255097,2.9743283348953504,3.42541136293077,3.95180062882163,4.46347375203265,4.906034995652241,5.30259468770037,5.43161049480808,5.79534426032481,6.33216591101925,6.90279214064116,7.05800347228649,7.32048505208564,7.252919143571289,7.169112177476991,7.11870541429571,7.22576899079988,7.405211347497361
Cote d'Ivoire,0.371446624989089,0.3702513164958739,0.292620070679963,0.301605526348109,0.316543402704283,0.3001879933973569,0.2894959900893259,0.324397640507023,0.295625731243706,0.3029278217483089,0.284849452071393,0.366173070936217,0.383021967260586,0.395625651943387,0.4116050582300599,0.3912230699375039,0.424757467782576,0.39530538358065
Cameroon,0.39739065636004,0.3802512653900129,0.363076457533238,0.378925661158648,0.372742791458923,0.381371992051878,0.4335225474169289,0.4264342708966039,0.44416546967694,0.4419593774930879,0.381223120660896,0.328597266210376,0.333827053126968,0.341682842226338,0.343800786801621,0.3573436353065379,0.3386785106449669,0.34184290843119
"Congo, Dem. Rep.",0.0163126969732348,0.0176452883972003,0.0208067646019686,0.0220468237225858,0.0271967817117304,0.0282795202930833,0.0299382312701678,0.0309545275507296,0.0307452987075509,0.0319063981512999,0.0377498958844389,0.035206804261136,0.0511499604169375,0.0649337929489086,0.0379043575216646,0.0261457386317123,0.028010252981111,0.0261692628875174
"Congo, Rep.",0.929168751340147,0.8458253684777801,0.8629507927259709,0.8147061873231719,1.33047180683316,1.32171188122857,1.3234874125511498,1.34862708018249,1.31229796883292,1.16525626980409,1.10584180273147,1.05316907443289,0.8652845044634621,0.861310987098279,0.7083884101890141,0.672556251801849,0.63005055470864,0.613992585944184
Colombia,1.45469157408658,1.3805381985231495,1.35040432098527,1.33615511929106,1.35786825329582,1.33608324511565,1.35330057182951,1.35577986581937,1.4069256765589602,1.4302551910933,1.53100732200803,1.5255322862988898,1.67306542320275,1.69946558599221,1.7051528338186002,1.7386593989486,1.55510616635784,1.6006506184645
Comoros,0.197879095872422,0.193158671068343,0.2400495187864469,0.251159519782998,0.2288984263233189,0.239453280270486,0.187025422989165,0.1825853167931319,0.1930929177973739,0.231986266413028,0.212290787428989,0.207220959709338,0.2427475789300499,0.210695426592397,0.2315306102761,0.2513835522255609,0.3071668161545169,0.31237910327974
Cabo Verde,0.5737879876337211,0.632118386743574,0.6890037228426961,0.7446032688083499,0.9502541929966272,1.06570951742542,0.968284473558466,0.998240600940842,1.04794448770925,1.09612620878362,1.1426097206018502,1.04900433654434,0.996599835854145,0.9647369355324192,0.952852841407173,1.03550852882479,1.0976764607934202,1.14020052817031
Costa Rica,1.34355492735136,1.34603876884271,1.39287372182823,1.40586525089251,1.4630717880557298,1.5096350848398798,1.72545864279964,1.68491883374041,1.59265996112582,1.55329336424773,1.60368272896294,1.58916280556988,1.64061954686426,1.63281818579928,1.55534308826366,1.64920307568209,1.65254027561867,1.65218405330354
Caribbean small states,5.21718157240242,5.26422089076613,5.20073655299872,5.26505584229321,5.78110379928862,6.319862842771539,6.28823685565328,5.807552958850111,7.02915018036384,5.6903630804424905,5.85842352016065,6.06138584743462,5.811900779342201,5.60539757547387,5.46232676843348,5.03206254724437,4.87631094431737,5.0170344081319405
Cuba,2.43535952140483,2.31792668065756,2.2468237899722903,2.21948275652114,2.29630178200477,2.33544420193121,2.41753774314141,2.3413774614609397,2.4138859546665095,2.69556833777948,2.53989816022913,2.56282428388382,2.42406043506168,2.3773075382494,2.42742086665371,2.5099010966635698,2.2620533712311803,2.2023000938601403
Curacao,,,,,,,,,,,,,,,,,,
Cayman Islands,,,,,,,,,,,,,,,,,,
Cyprus,7.21669023632838,7.277618100081071,7.820347396538921,7.6305658099187506,7.65819723896203,7.59439430401298,7.7464868178109,7.766501967513831,7.44930511097006,7.02847430876932,6.71208361744857,6.18477136609441,5.577576394437809,5.85786476923918,5.83985867197479,6.11012409106563,6.18809258403726,6.07940050216016
Czech Republic,12.0118180158673,11.6241028169694,12.0433612013657,12.1054013292601,11.7517835290136,11.7786032783779,12.0042785450927,11.3928284018176,10.6444543513097,10.8769849566706,10.5734631798057,10.196193719118,9.76957796031908,9.47712222694416,9.57514081800604,9.734693174509369,9.76172591693868,9.64070499819002
Germany,10.2914483528674,10.1005600841669,10.1358011982818,9.9474939848219,9.72687792088563,9.88340709166992,9.52515567357219,9.615747987729211,8.9699549000494,9.451565374244302,9.29779081983736,9.449949924665368,9.64255894664068,9.10678232951564,9.08729093927033,9.0730063894536,8.85829369906254,8.55838981170216
Djibouti,0.518404024997988,0.535513229184935,0.53973005598712,0.518403989637104,0.548995975731824,0.5411841108345061,0.583520390933831,0.57572568998274,0.5556763547631128,0.618904681537835,0.562277505034141,0.587465558391773,0.633989059160236,0.511846463864196,0.5908109208116429,0.527382450218864,0.4978286198495921,0.51098993349831
Dominica,2.1529761306713,1.71821305841924,1.9970899546375305,2.27314702999133,2.2669311419665603,2.40391413784326,2.5424806135853197,2.54133194030694,7.057362240289071,2.53961087517813,2.39733754512635,3.52340953293683,2.39372562272068,2.53196607165464,2.52897787144362,2.52429635239177,2.37895326056535,2.5130539189679704
Denmark,10.0489234216052,10.0410514941505,11.0081041462375,9.971277761238133,9.27587983390141,10.7057362589181,9.77764464230849,9.12330865198018,8.67086298533703,8.68470675054793,7.73529181563401,6.83349870125968,7.120299943080339,6.33652138088678,5.91186777544685,6.17666519436942,5.78145977956558,5.761494163596059
Dominican Republic,2.2061733545197297,2.39198420533975,2.11517847326825,1.92212464638478,2.05116660375396,2.2042198878559702,2.20369604157083,2.17168835235992,2.04975891577256,2.1289067475926298,2.12672314762363,2.1790537750999,2.11480115992614,2.09735546299122,2.28075678330622,2.35243473147717,2.22484096287008,2.36375764821923
Algeria,2.3773101154147995,2.5242417935458397,2.59854905872488,2.5966475808430203,2.68448722945473,2.7867774588317205,2.9420221444238996,2.9941892170951,3.19155421416758,3.14474752533191,3.22245952272794,3.3875546261239395,3.40612323474996,3.5662088340652596,3.6742329469226,3.53501992705652,3.50574766242013,3.59165741835207
East Asia & Pacific (excluding high income),2.37555836004195,2.52541271533183,2.85847122046329,3.2430688566993,3.60235455620023,3.90969837838131,4.19067973751041,4.28417152615594,4.514617596038679,4.90596444289655,5.3059373448818095,5.4123717741555,5.57625653912915,5.55204239875203,5.509108564706191,5.48174502193161,5.56435074621808,5.72039708283105
Early-demographic dividend,1.56824422996647,1.5928686024676002,1.6295219945140502,1.68952790935676,1.73434264190639,1.7966960699203405,1.88278591162938,1.93050715235063,1.95926571158909,2.01910781958775,2.06593058362201,2.13138279908905,2.125598135122,2.2035736987196803,2.19477663690869,2.1998322271289,2.24769667688375,2.27814572017231
East Asia & Pacific,3.25985221796207,3.40922573364815,3.7175930823515,4.08430407646288,4.41376194758394,4.69011227424929,4.97609168786038,5.03238006920182,5.22176728290531,5.6293350174691605,6.03584204348505,6.15012838697755,6.298870519032951,6.24267957785307,6.19247158019,6.165075415101549,6.23725325340775,6.36117965117565
Europe & Central Asia (excluding high income),6.62381179603359,6.7053285284126405,6.943507858094679,6.985756612219781,6.9835992707212196,7.30249300809814,7.406983999629331,7.54012287079753,6.881470396790509,7.2278917198209,7.59969995245695,7.53507160495445,7.34128216987557,7.08164748134449,6.84690784774041,6.8770003018167,6.97348857255,7.07331347955603
Europe & Central Asia,7.53652044148042,7.534290522144269,7.73619964741557,7.746554807099099,7.70038825224257,7.83009775141114,7.791653169773901,7.728668295641611,7.102064943975769,7.36862781933412,7.36389549461738,7.29048889234514,7.10863643343444,6.76855016183679,6.694111202079589,6.685154723198839,6.721799839876,6.69010595705676
Ecuador,1.8134430174700704,1.79480829446421,1.7921149634269398,1.86961391957718,1.96371446246409,2.0705039674938703,2.06903006137003,2.08314127798103,2.19501121262897,2.3082897112099703,2.32880266415025,2.36718144300356,2.51027011155773,2.58277544547861,2.5117163053442697,2.3655160754432902,2.2495799314593,2.3138123004790496
"Egypt, Arab Rep.",1.78197086804774,1.7869472109438702,1.8021011202824,1.92376988034297,2.12635588124164,2.20010310422281,2.32935002506132,2.37480294892964,2.4094473210499103,2.3742997386554503,2.38509152293329,2.45781641392308,2.38030460207004,2.39591700795628,2.44422078841638,2.4771546382841203,2.47494390185913,2.5020421422902204
Euro area,8.30785199966936,8.281611083791269,8.4121145484032,8.407040018031111,8.33792738807541,8.25044428415529,8.097066507162971,7.886537039257161,7.27124141616143,7.441198786682731,7.1799906681676395,7.0770635076388295,6.9147210288286605,6.5237115937726795,6.64629518897645,6.617182762113051,6.613176931389719,6.454837566700809
Eritrea,0.2947714699958439,0.274076513295331,0.265285439443408,0.250017556379878,0.212265177225503,0.178191486627586,0.170196293057994,0.146925246393638,0.15064488833047,0.157706965948227,0.180462225989112,0.193839950967723,0.1980829833613339,0.205348482414318,0.194446721299215,0.195465322970907,0.210964653458326,0.231696216140132
Spain,7.21632868721128,7.548593755513611,7.55339626091952,7.817921366239769,8.029202013004559,7.698212588016861,7.842252303352059,7.05399426114393,6.2008570378595,5.8666424257502605,5.87043576026433,5.75694702858302,5.20806018098009,5.184066860004941,5.5179443861482795,5.31429460704187,5.65403956917695,5.5203503997221794
Estonia,11.0149375231879,10.7731902707797,12.2782187463523,12.4178929213607,12.6367847059475,11.7982491962489,14.805919384193098,13.6789595315199,11.210065079823,14.1797630447436,13.5976116416649,12.6862105880716,14.5599724430329,13.5560212849313,11.6845964785044,11.8939952424019,12.3578242942073,12.103085000722402
Ethiopia,0.0645545380358419,0.065153462065359,0.0695574281160353,0.0717946568288141,0.0661459604269021,0.0687992699123402,0.0752407738851992,0.0829753053430935,0.0813056557305241,0.0738247695725838,0.0836477260110525,0.0912355801680249,0.1077728629880969,0.125695422925035,0.127732852055517,0.144300198619813,0.145300852934804,0.149050931014413
European Union,7.95109272430191,7.916832031953289,8.10273105293447,8.084480756120861,8.01066253551292,8.00243854637839,7.88380650384707,7.682107735496791,7.09733195825314,7.281549192713291,7.072379568768881,6.92720467882331,6.7429737169052,6.40022381699849,6.51638883308948,6.5189225301446605,6.55914292168476,6.4240387413347495
Fragile and conflict affected situations,0.905070309467323,0.894082821100241,0.855964175992261,0.857504049122747,0.932185056324152,0.885043708545592,0.854549085916453,0.884775167054263,0.8733360736607858,0.913330586886779,0.9002839014960229,0.936360374755636,0.941897370868164,0.952647594078634,0.8806078496751409,0.8630074978578479,0.858046833682774,0.868444603959167
Finland,11.7752324206131,12.1985971613264,13.755957685899196,12.945251227388802,10.5716708195961,12.7262797867484,12.3092165968325,10.6636072314539,10.1482129836065,11.6587537047727,10.2296246366182,9.126388006141893,9.22784673280171,8.45187193583022,7.81453741205224,8.31801267373246,7.80833860122355,8.042752049895519
Fiji,1.32690684499639,1.1284785043244,1.32340291001595,1.78513787133313,1.55792435790391,1.65485119022454,1.50684358126491,1.1356162374195,1.13631571302054,1.34912585948622,1.28553907517624,1.19066197337772,1.30544984877577,1.5119216755323797,1.73836561397692,1.9944842195033,2.06277209217514,2.1505619758005197
France,6.14204323283934,6.00547532632575,6.054152566444019,6.02743954575417,6.027601800816081,5.8408041976332,5.6690313848080995,5.564428999658389,5.3144144218630895,5.3506589250195,5.10431227537594,5.122311190220549,5.1005561701721795,4.59237682939366,4.666086596508469,4.6866122023909105,4.727575621633751,4.61924120513374
Faroe Islands,,,,,,,,,,,,,,,,,,
"Micronesia, Fed. Sts.",1.39964542315947,1.30808113840433,1.49669791023554,1.50060024009604,1.50751401516936,1.32860098316473,1.34045690431053,1.15887164530802,1.26249138106846,1.06883283454468,1.16000309334158,1.24394771592062,1.32172730877438,1.30300435575742,1.37758756864978,1.54243977679989,1.52519715416155,1.5980113636363602
Gabon,3.64067637089748,3.36099230775202,3.3258936350426502,3.2722996510531903,3.32961777713854,2.8248903606909503,2.7503030426500694,2.71972120552795,2.6769922080405397,2.9369280840515604,3.34791814696292,3.33204357147062,3.1369182254948904,2.91962898416552,2.81358943158305,2.8437926133109395,2.27623628688714,2.17527220393767
United Kingdom,9.20979383630894,8.930869498290551,9.08804728145118,9.04048907859009,8.9501524191421,8.90169773868215,8.62913806968256,8.3228443641371,7.4686553963492,7.67592642970483,7.0254246009370105,7.33247132682362,7.06490255865771,6.421598191445139,6.14854495774701,5.774741667985411,5.54626594443601,5.39870813789348
Georgia,0.876849261391505,0.743996189533029,0.799648559519158,0.858087153136729,1.08649165438598,1.21123188209714,1.45848952296771,1.25764951023126,1.4733567549868,1.4049190653062902,1.73568545333202,1.92819601842272,2.10884888053479,2.27724044701665,2.46961567411381,2.58886305987517,2.58315173481574,2.53854169098541
Ghana,0.314320105113502,0.366485340388818,0.343609357509296,0.31120242222666,0.3218021212169,0.376691475427226,0.3940960321018,0.3632685889120239,0.411651295524548,0.4499666540406969,0.480941312043349,0.546997678991142,0.5641236665813399,0.527833773133592,0.543283051942276,0.4954015257454129,0.507529429152326,0.541201382411755
Gibraltar,,,,,,,,,,,,,,,,,,
Guinea,0.1865254490808099,0.189842229460556,0.194216972575535,0.198303130198105,0.2019850520084069,0.2041381817798939,0.208023421335996,0.206391015891492,0.21275592179012,0.245286380679753,0.251428463947701,0.233758216272726,0.200131811584896,0.200879385380823,0.2221814792318049,0.2410883768652619,0.24611527343324,0.25132323293185
"Gambia, The",0.227929444807988,0.213635195116584,0.206907253823474,0.2138288460459039,0.220243628319444,0.226209656136188,0.243925344209151,0.254545110129238,0.2758181599825769,0.245371539912748,0.243487783947337,0.2414672811834,0.224065899818099,0.256912299528121,0.2540918374195779,0.246610960507814,0.243913455892317,0.249989912687734
Guinea-Bissau,0.1222389282090769,0.119573934157809,0.155848568180242,0.159879161806848,0.156141839246772,0.159700112225624,0.1629420245192319,0.152045425644258,0.1549948784301039,0.157624804364631,0.159949225717788,0.155765083823422,0.15774219949656,0.165442295204596,0.1611782591251359,0.1683091772261969,0.16410067904861,0.1653947278563139
Equatorial Guinea,4.32193166598592,6.121010711009309,7.514526628511509,10.112295295760198,10.7934737507788,11.6763161987217,9.18842477540082,10.431683508763,10.7144164358704,10.088593107541,9.839278277285253,9.7072220374305,8.686265110385241,7.20858472047354,6.11000577626596,4.60836698401308,4.4611444618417595,5.0956250964501795
Greece,8.89420235364475,8.86074161288612,9.170878297814712,9.11444225135943,9.27888290077084,9.13763086911301,9.44112367383257,9.064040547251038,8.5297429543864,7.8749496126411405,7.61375677527549,7.25123768550344,6.60999592255908,6.385178380584719,6.28506934230783,6.2036172888735495,6.2112500056952,6.08317505028006
Grenada,2.22777551771566,2.31579759928982,2.4037768141303597,2.20420524025837,2.3887328250109903,2.47765347157369,2.66202713366228,2.74993599286913,7.65689545974458,2.73000273000273,2.71571179742663,3.90872203402449,2.9582516732611,2.29568411386593,2.4634362198115,2.5393831112884597,2.6155816512437498,2.69181419303897
Greenland,,,,,,,,,,,,,,,,,,
Guatemala,0.8263442941179201,0.861904464763913,0.848950177256609,0.8476508794910121,0.889692632819834,0.8710900280247299,0.920826915926573,0.8180912286718559,0.84641708433957,0.802962926184845,0.8084555915825591,0.8219488345983229,0.864797688856427,0.9113884751889352,1.04962807257902,1.10313002086849,1.02626785727828,1.11396927255543
Guam,,,,,,,,,,,,,,,,,,
Guyana,2.2007337568403904,2.17511268292093,2.17408225546272,2.23939539006379,1.98349942907381,1.7820415765038502,2.14340160513988,2.1424315258799,2.16659221792173,2.34845148979891,2.4334167964267297,2.64764597796099,2.60773020792039,2.69855679610569,2.67124296192632,2.9946989938589197,2.99270656770096,3.13219265038697
High income,12.0750569257725,11.912453671098302,12.037158667318804,12.0914355936032,12.0545108276866,11.9081518009699,11.9657426624769,11.6305068658084,10.8998449053597,11.283963564686598,11.020482448995,10.8324316234856,10.8523380283936,10.617913695706,10.5196571432781,10.3737599450635,10.2650970839991,10.254533148094
"Hong Kong SAR, China",,,,,,,,,,,,,,,,,,
Honduras,0.866421244826651,0.8846534561303531,0.9526727113304592,1.04490582322857,0.942487862284692,1.05183255297313,1.1026417298028302,1.08383019325381,0.999904303637198,0.987079359617537,1.03529556037436,1.05778564957529,1.06154168585549,1.05632477810759,1.08307955400386,1.01393688609627,0.9545004484031,1.01903275747031
Heavily indebted poor countries (HIPC),0.170640770936781,0.1758918182010379,0.178815773923529,0.18357646766396,0.190376208887547,0.2017143226862989,0.2115356664580239,0.217545016041735,0.2239771137095189,0.234773261478927,0.2457466079728119,0.248699655169044,0.249568121673263,0.257196864372564,0.263170204513063,0.267501973087755,0.26932993313064,0.271687566711438
Croatia,4.46548805691265,4.71389581174541,5.02161198624622,4.90405612600474,4.98127093172039,5.014892746938821,5.310637492265469,5.04442879501033,4.71989447133582,4.5303994224555595,4.44795172290382,4.09133279500829,4.00405198782148,3.85523839364438,3.96802362924766,4.05811780471638,4.23805761188363,4.05592876243046
Haiti,0.185856117163696,0.209043758455991,0.203368318676582,0.184589904236526,0.185964791318685,0.18405989908381,0.214842318376095,0.210437492290006,0.203101720485901,0.247253128304875,0.277218939597953,0.243880501675849,0.2624830395574439,0.290074696130167,0.310409759582031,0.313653830967891,0.306855525771448,0.299374738328049
Hungary,5.52633914093009,5.4761439756313095,5.74852668706375,5.579220879959591,5.54769895901335,5.5066986914392,5.35612354287783,5.28282594428397,4.77318872753214,4.78798898762533,4.704300468715201,4.3778644368018,4.12005075870189,4.11798832165675,4.40718039205009,4.53229017294946,4.7558399773763,4.7455062439364095
IBRD only,2.56152764682744,2.63598931408246,2.8166128848998397,3.02504526307052,3.21010797400388,3.39750605777928,3.5731070990966405,3.653037793964299,3.7127148342882097,3.95211094798436,4.18013435980583,4.2662107547231605,4.33396278562493,4.33063795201461,4.268835839959411,4.2410784303824105,4.295482539842601,4.38290344069714
IDA & IBRD total,2.11325423266722,2.16693048811647,2.30208688513544,2.4620014885343195,2.6027541391990803,2.74379049410644,2.87449399998092,2.9283738203008505,2.96224135669871,3.1414418905843298,3.30907631031502,3.3622676940590095,3.40500895100204,3.39499993951662,3.33877812270494,3.3134518824148897,3.3505701840509903,3.409887009809621
IDA total,0.474575718166579,0.474295187320419,0.4690643587768849,0.482082281972566,0.494775229746046,0.504687523726171,0.513449666532023,0.511737913412734,0.492098300951501,0.508359131327255,0.516117913215565,0.4996251873857371,0.499436782433489,0.505140506989085,0.5028520811084121,0.5218134865196551,0.544552179479062,0.5602351348411829
IDA blend,0.93383572638568,0.923625928754572,0.893272503791755,0.918951435432725,0.921961183353194,0.930733254321353,0.931557932337437,0.912422804270932,0.848317376640783,0.873611160042804,0.8865796058633929,0.8364843376941881,0.8478741049798241,0.845222430694769,0.827312985905386,0.8568876606919229,0.883748917071836,0.920386827178104
Indonesia,1.40760916401274,1.4080930800777798,1.52226772382139,1.53686533554733,1.52194445037097,1.5877496926084298,1.63520707646083,1.6018193079616498,1.65321047741763,1.72407358088346,1.96013325740302,1.95913319398553,1.8042510413422,1.92079996715062,1.89965869189427,1.89244089035547,2.01367107029183,2.17846155349724
IDA only,0.240593128320793,0.2456625594893869,0.253569438488307,0.260385812182128,0.278206527379031,0.288757734780948,0.301520507804117,0.3085343353245169,0.31136640039427,0.3226583690650819,0.327341327018503,0.327805352993729,0.3213824232557249,0.3311257014878599,0.33666702020822,0.3500490105759559,0.3706243111357949,0.3754948799663211
Isle of Man,,,,,,,,,,,,,,,,,,
India,0.88733015496834,0.903241997603391,0.913962074164491,0.962435743168246,0.991399582912634,1.04183979629495,1.1292167893743998,1.18590477170691,1.28808099727395,1.34921446581292,1.40831559281322,1.50782097489256,1.5355600591395,1.6493275187685,1.6411983927439198,1.64835905308142,1.71919020043,1.79982544579379
Not classified,,,,,,,,,,,,,,,,,,
Ireland,11.6159279176192,11.2005578915484,11.064623456251098,11.0214035361851,11.245424785223902,11.1873129646707,10.688933839091302,10.3239883605106,9.04445608136042,8.90978486476885,7.93871902786062,8.0660362693343,7.72522089979359,7.63245694263742,7.8669371072512995,8.14033080739843,7.8067341350438095,7.62432519277565
"Iran, Islamic Rep.",5.28238820230417,5.47998945556813,5.7349251200186595,6.0870516992150305,6.467672495814179,6.95587410152761,7.34182608067155,7.405511611882139,7.561621704365099,7.468427156073671,7.526365761117389,7.56050965979149,7.746663092316291,7.88309478990649,7.67248132451568,7.61349440100359,7.69493097940191,7.69301259933288
Iraq,3.48229428914477,3.1850733369051896,2.8107388160339903,2.86123217753336,3.2772114128971,3.05631087938833,2.77558411768276,3.03109952501149,3.711021204903561,4.0424347043237905,4.26456303688442,4.76199256369047,4.902424856051019,4.90643526177491,4.55945050904681,4.707648860036071,4.64119988531345,4.8951953608097805
Iceland,7.57979843350832,7.790681093338621,7.702377375043611,7.94319247861843,7.717349545384081,7.66997386283585,7.63883093790722,6.868002041497849,6.624824567738051,6.16272744709015,5.92450488066354,5.79952356602103,6.26999913517253,6.26172163745548,6.227045327448879,6.1710176813071795,6.3191613278975,6.237224321772731
Israel,8.99984469638143,9.29680365296804,9.40101947770453,9.275958290497869,8.80073880607783,9.12003629300934,9.27424409130792,9.125985113835382,8.779523351501549,9.248911275512882,8.990702825207961,9.615068579735787,8.31317079223277,7.876383022749129,7.8925072493168305,7.636321085888129,7.57921797711544,6.97640383662809
Italy,7.662604586996549,7.77212964817281,8.06445942307569,8.189430910220901,8.173783296052799,8.02576652003813,7.860768047535941,7.56424830065774,6.71897026103485,6.8368363621512005,6.68059415640586,6.327708947625671,5.75173986603037,5.38731095718742,5.56325970991024,5.49816520549801,5.43785754854959,5.37637433931087
Jamaica,3.7686384970909,3.80638603884445,3.90855963487631,3.8788748840832903,3.8540145985401497,4.3784267724459704,4.34212631975173,3.4581067620366,2.81847416821927,2.6614822321154104,2.68937822990787,2.50164665349344,2.65154562722347,2.57379039677066,2.52159788365645,2.6666740071886603,2.4616138874737703,2.8996341554415204
Jordan,3.11462112406964,3.1725351357796097,3.1854776081719,3.3296052984091498,3.4462788946723903,3.3664093764098,3.37154632319205,3.05194576413264,2.99713139998532,2.7817786885731297,2.70917195646846,2.98147222675802,2.7937577591339395,2.86921299696305,2.73671830999443,2.60197360640031,2.6671190209527205,2.4785952726866203
Japan,9.20667877844104,9.47051669347562,9.51925335504784,9.47934033077387,9.49981608007952,9.309524926869711,9.58086264951055,9.05507445554141,8.60004529586792,9.02693839306629,9.48244975866952,9.81140649852306,9.893679626505552,9.58405355290864,9.29283236721435,9.22394197021634,9.08563914300274,8.7422577098865
Kazakhstan,7.52910739998795,8.17419914249649,9.14211726472412,10.0060054683333,10.7268560719069,11.7722105671611,12.2131009483737,14.705641867896,12.6901297982417,13.697570964899098,14.6274714773668,14.3811758988905,15.047355967529302,11.8710444673951,11.7791874344389,12.5333994977536,12.5048675623868,12.0619691393056
Kenya,0.231669148205512,0.219840478771083,0.188299582964003,0.208501314161614,0.2274409126665939,0.247018257225636,0.242081743848372,0.2490451343165,0.2862954826582439,0.300732674252934,0.301772164563332,0.273546483248751,0.309754049572862,0.321841107580519,0.356946384459996,0.38265880019117,0.376136378887093,0.358028407608337
Kyrgyz Republic,0.802814907686397,0.995852285250566,1.10840124521643,1.08919231296648,1.02661449657149,1.01946956921662,1.22807683547187,1.41199917273018,1.25573532963052,1.16558673984471,1.38178653030138,1.79412184334427,1.63997482341422,1.66395338874132,1.7240511004045702,1.59552594785755,1.50688909683456,1.73973556019485
Cambodia,0.173311468680884,0.174873329593734,0.1851251045120669,0.182145528920386,0.198894702959425,0.2188799947765589,0.263158798864294,0.28378326305376,0.3356132089695999,0.3437625439266699,0.356911473782377,0.366700508658259,0.371348160196136,0.43405659076634,0.552783940402418,0.627921977840063,0.7102071762406279,0.686777894736518
Kiribati,0.349471133684358,0.458148165116599,0.5628095452498871,0.552498397754646,0.758240448878346,0.7419891669581621,0.621561985268981,0.607533414337789,0.594483195941661,0.485767026134266,0.477395331073662,0.5641271542605699,0.5561374400993628,0.5485112490515329,0.5408962651112891,0.7109278497098531,0.700813820048531,0.690595811536403
St. Kitts and Nevis,4.70830904443747,5.092100602196241,5.02743229360205,5.18101159251344,4.69563732604798,4.85918914921936,5.23351964663275,5.189090456224831,14.4035885512048,4.896859888596441,5.258686946320941,7.016699745394041,4.5700206644412695,4.52969907042697,4.68713381767049,4.84223982645412,4.6121915596894505,4.95823639345513
"Korea, Rep.",9.93283451583575,9.69550969911975,9.70113586037681,10.084746183951,9.96335735008564,10.0527904658571,10.3012022232192,10.4615850531615,10.6553045778627,11.588543852829002,11.9609574036602,11.9315090424667,11.8511425582949,11.5475582343263,11.8888685702251,12.003248167439,12.175364736721,12.224591362122
Kuwait,24.1623412652566,24.983727119112803,25.7352567002803,27.0347893976727,29.6229929045774,29.3512847875076,27.451791634751395,27.4509508623838,26.6001096758253,26.1540888617339,25.6182501939677,24.960792534277395,24.1777549908093,22.6446440865048,22.9534558977659,22.7149695895384,22.119759315717396,21.622724308573105
Latin America & Caribbean (excluding high income),2.18727901819333,2.15155785526065,2.1668239227248,2.2277663325690003,2.2688148744800296,2.3159523092847003,2.3833972880562904,2.43512266931164,2.3388917604694903,2.45524814555752,2.52596697527559,2.57248279910072,2.6128213459244103,2.6201439316692,2.59605420942615,2.52640643212984,2.4626974924072003,2.4139399065757297
Lao PDR,0.184857098068909,0.2020662824737349,0.206217363860676,0.21369789369819,0.21906661972382,0.2805300992546279,0.29100328850537,0.339031824338516,0.413100758690445,0.4608613498628939,0.478923883240878,0.507407293041056,0.59774032753724,0.6656864107950841,1.2846453726065,2.24369574083444,2.6621483494033,2.66090849278722
Lebanon,4.23202311000328,4.026584062713329,3.967297256526221,3.91300608376153,3.67756521346798,3.40983579003983,3.15689208274539,3.91626414425116,4.554307414919429,4.21557242143449,4.07149373839634,4.24008870236672,3.93031238203989,3.98335996892532,4.14071956062144,4.14191780177207,4.29364987074325,4.039707216716081
Liberia,0.152339528925553,0.148773757102707,0.155993311786757,0.17859113282269,0.208196477812781,0.20725631388338,0.184868992877055,0.149673089028048,0.143841620786073,0.187595227063464,0.211577206015961,0.229709294424931,0.214201462831221,0.279848092949938,0.281738703451903,0.307404658772108,0.267958310790809,0.273917114341304
Libya,7.61126305263639,7.88270391931293,7.87823956573606,7.96649762887679,8.47271288057579,8.38645433892419,7.74755782048093,8.49516566150718,8.77243463346107,9.23411987123542,6.09049661637298,8.32040594671981,8.70046753739904,9.38378403527548,8.38849448803931,7.88335469242902,8.632790044498151,8.82524913660345
St. Lucia,2.65513579123047,2.38405942581811,2.6786270479038197,2.59546041613882,2.3254675413688397,2.47916893419923,1.90880675717592,1.88223114974913,6.09674665985379,2.29763573283092,2.16477343936925,2.94360727750291,1.80276611926425,2.01898971997734,2.12135252971289,1.94414202235208,2.04470724765826,2.14415305954148
Latin America & Caribbean,2.41724015593281,2.39714985612915,2.3927662888458503,2.46422324858905,2.53241186904977,2.5655891409771203,2.64073583140291,2.71085247762819,2.62512285430721,2.7350019288223,2.80842473696787,2.87578721485356,2.9177223628791404,2.9063702805669203,2.86493157609527,2.7809517187686,2.70001842431839,2.6373625689964597
Least developed countries: UN classification,0.171476380325375,0.174852475467261,0.191064969389353,0.1970244107813189,0.202586018240046,0.211160231667544,0.222831488652667,0.2310970052569969,0.246186017239969,0.259435136062191,0.267894380957042,0.273689824920571,0.287509977516713,0.3020864768228969,0.307030455665099,0.322138016880498,0.335802195017028,0.335389683196917
Low income,0.4104398771459929,0.397704514663325,0.4037268795388279,0.407651264909421,0.4371985929943189,0.4445707671472449,0.420813132061122,0.441639362558902,0.4007285350664979,0.391044895686723,0.3514932582777981,0.32457670463667,0.2824407655004169,0.2864879130473849,0.252792293284884,0.2605455215142289,0.248158902037574,0.2367335296260719
Liechtenstein,6.26062069582327,6.49254832521765,6.73065667798197,6.67750551620021,6.6248055763580895,6.57612580414582,5.67907544651731,6.2025994530435,5.87856562998628,5.2783642626958605,4.95881429240475,5.18913013792162,5.143475906876009,4.29887960450308,4.27065260910183,3.98353472314434,4.2322444121148,3.6921778574819304
Sri Lanka,0.573718095655674,0.596984358170471,0.6455460237381989,0.663841668758688,0.7152728873509671,0.630077908803407,0.684909276483814,0.641013323469434,0.610728507176781,0.6450581879994699,0.7559380848470401,0.8239902080783349,0.703424823900899,0.8470497641736451,0.970910824988078,1.03428760081121,1.08701734750979,0.998154130133826
Lower middle income,1.11558163535193,1.13325857467742,1.16366264404313,1.1992999623824,1.22602879094094,1.27268801601716,1.33925716596397,1.3607041861730802,1.39202627260733,1.4414840954661,1.4983182509988895,1.5396599265988302,1.54400271813079,1.60659119281643,1.60047537795189,1.6180719287109802,1.66163479492099,1.7309554967191398
Low & middle income,2.0528893484744,2.10645803059728,2.2432010478195803,2.4031181354923703,2.54342537159566,2.6853242530008297,2.81414853477634,2.8690787689947905,2.9039489109313195,3.08099685075423,3.2478144856544304,3.30164555561309,3.3434344229554,3.33820105442483,3.2822179219630003,3.25813900178473,3.29429547879738,3.35567673750095
Lesotho,0.8694635557227901,0.8867728954908579,0.901724424097842,0.932225231598148,0.9518489666176552,0.9648566057249158,0.986448413277596,1.01150906080629,1.0552047976644798,1.08239479849166,1.10290833434392,1.13152038622563,1.1288974073811202,1.13044227208131,1.08304423822894,1.09395428813214,1.16660897370922,1.21897599376188
Late-demographic dividend,3.3947828637088,3.5295532625980495,3.843890025824819,4.2177197180727,4.55854217114979,4.88655712801129,5.15222512069257,5.2890643489333895,5.389114215766339,5.8184740536885,6.22327308137952,6.3401902554667,6.5007611294465395,6.42871570305199,6.36530359380355,6.31702092043805,6.39107791324244,6.51825412431905
Lithuania,3.21249918607083,3.2587225284898595,3.28822828912867,3.5267206088108796,3.86151749511216,3.98176218359594,4.08814549217744,4.083507413942271,3.69595651607567,4.06808291915299,3.91002323227486,3.9929405614148097,3.83069349076255,3.70349277563143,3.81078931877408,3.90484587887098,3.966902877701661,4.13700592851868
Luxembourg,20.7009795594813,22.0541267439906,22.7177114009255,25.4968947489058,25.668697517832605,24.8393587467761,23.208671793130303,22.5928578737338,21.0131724064502,21.8166181085821,21.0862607481089,20.1338742546323,18.6800647820966,17.3461629029388,16.028679573879398,15.223001508554802,15.092162807544698,15.3302080763221
Latvia,3.14910768151226,3.18157990765194,3.31737293784187,3.36703014685024,3.44827740230365,3.69642938444984,3.87670003294968,3.72475913071195,3.4365721313611,4.06187203672848,3.83549326628179,3.72114697842374,3.70159297681113,3.65135205353444,3.7015929491733903,3.64882112458198,3.6658552357886296,3.9591650779846503
"Macao SAR, China",,,,,,,,,,,,,,,,,,
St. Martin (French part),,,,,,,,,,,,,,,,,,
Morocco,1.2675819052065,1.29928043900537,1.28295164430684,1.40028974076742,1.46081686291598,1.4994470484671998,1.53159111234332,1.5911566443616203,1.58288271756721,1.6590719140582202,1.76286519434834,1.8094634668574,1.77128136576115,1.7887037799498895,1.82179535379006,1.79580675137932,1.85294184519676,1.85072678357202
Monaco,,,,,,,,,,,,,,,,,,
Moldova,2.40637421792838,2.46692669036016,2.67716860993963,2.68725560394688,2.83230111308049,2.7707419373319304,2.83285231686602,2.84173720451163,2.66727553165714,2.90058979824126,2.91975090853207,2.84669332439924,2.5116381897735,2.69868216104587,2.82939323274052,2.90489156617907,2.96171762200208,3.1718320634927704
Madagascar,0.102700134118996,0.0668053593645188,0.0897035436777261,0.0926810504661239,0.0932554902670172,0.0868631875664881,0.0885068685446589,0.0890156845636201,0.082162018151972,0.0884092202779548,0.100717578252729,0.122613505985083,0.127606243194243,0.12929263743712,0.136997154420552,0.129346514894733,0.136876419872876,0.128320761389143
Maldives,1.67651034371955,2.07352516273773,1.7510183989084198,2.3773954668851296,2.22149910514261,2.65657777818492,2.59568221689163,2.53313456476672,2.57505143028543,2.62488721187761,2.6544509360224797,2.86986665189776,2.71901287801498,3.1263074171643503,2.9675938748862403,3.68029778866679,3.6664128380855696,3.70367497634302
Middle East & North Africa,4.20399368661261,4.30518457906183,4.37380375609323,4.5419443770451595,4.811704835683741,4.99444647777651,5.14010686783671,5.332964756280321,5.44082592338133,5.54407212176223,5.5363989888150895,5.74152870772102,5.73594382705647,5.847665955358111,5.81840465144704,5.754217998927491,5.73090672707515,5.638657141208559
Mexico,3.81622185820532,3.82299161357153,3.94835053048563,3.96297432479841,4.07895088239964,4.18100922223476,4.235667944114899,4.30816070189315,4.10585136636662,4.11015715509391,4.1571204846157,4.09902758114925,3.95414657649222,3.80806346471111,3.87819450978334,3.88580937201112,3.78121582762561,3.74147772536983
Marshall Islands,2.13961992569684,2.2914757103574703,2.0574207425418503,2.38637198032161,2.53361565050582,2.5105352819869102,2.49794811404917,2.31456753195884,2.4886676739845295,2.48398715423786,2.47682400396292,2.46861334461842,2.4590307905784,2.6231572320444903,2.6112387716732797,3.11834104256536,3.1006149552994704,3.25275628295556
Middle income,2.1922096389993997,2.25368844205581,2.4042739693252595,2.58072368020086,2.73406094116104,2.89152415153507,3.03801322722642,3.09996549764333,3.1457667406422,3.34479374509756,3.53588160204019,3.60187547775716,3.6563257298710496,3.65449902366368,3.6006132237466,3.57776456369753,3.62384048525191,3.6982345202466296
North Macedonia,4.4007276130727595,4.1143426080930094,4.48518719447402,4.33631949535353,4.543071815481389,4.541638634852251,4.74966689390183,4.63404358032592,4.33053169842873,4.2158902844736,4.65142312317007,4.40153788673151,3.96904721191292,3.74438102205238,3.59730394573265,3.5516108165052303,3.77522339139941,3.5382391475196098
Mali,0.142836826314766,0.120514182367226,0.116835181944091,0.1196532191000819,0.12915336680519,0.143145186027394,0.151632188656813,0.148084348277949,0.172136787435139,0.184725561605576,0.201100989242837,0.1946244599014789,0.185411979948272,0.184242397329005,0.195541291554245,0.246027819623535,0.272789702529041,0.294583927721055
Malta,6.335426483609309,5.8590445211620095,6.54821341656171,6.479460111446709,6.4878142999351205,6.538237587217621,6.662995053156441,6.6442098886362,6.08518778016714,6.22424657666438,6.17390719440361,6.45195082232613,5.56381128115558,5.40779366620796,3.7074236102217,2.96471332320207,3.2478701877568104,3.1983162412562205
Myanmar,0.1802007105582939,0.176721546148756,0.225757980342108,0.2164132726692539,0.226353740927643,0.207094984936325,0.212004966639547,0.160826308348055,0.151839690083053,0.163633689228044,0.16826626830837,0.229316297252505,0.262089762985998,0.32593217366768,0.3608530512982321,0.41266694088564,0.588207514590778,0.605492802809427
Middle East & North Africa (excluding high income),2.92194865853673,2.9622296931990997,2.99966468755601,3.13623313871477,3.3640296552498103,3.48096678995128,3.5789956862782097,3.65152678398533,3.77107730255786,3.7646228227074503,3.7234749550916,3.8371755624290698,3.8440780743615,3.911341854104299,3.8065556633139903,3.7768657707368,3.8135339879218297,3.8410407250619
Montenegro,0.0,0.0,0.0,0.0,3.2722246732252205,3.54457135888785,3.4097828293079,4.36002457173699,2.83036872426386,4.16513299366512,4.09625225172922,3.7544251459472298,3.6541764661377,3.5702224152072204,3.79324256339617,3.39063125197854,3.58306031913338,4.0499689020245
Mongolia,3.70723352760835,3.92917498376146,3.77111632739447,3.82952370499208,4.37772049006721,4.8537353049451,5.01962550201074,4.92800065656015,5.1013653258254,5.26121897038937,5.67796857950076,6.06790531235552,6.3779958449335,6.16303262019699,5.76968036304296,5.94498419360559,6.25283416854327,6.72509805331754
Northern Mariana Islands,,,,,,,,,,,,,,,,,,
Mozambique,0.0773794850192219,0.0836702036069106,0.0988045324070331,0.0959290474612227,0.0834393525457566,0.0882348420605815,0.102891486070961,0.100553962553345,0.1096322741341469,0.115589412298807,0.1322997416020669,0.1234782760485969,0.135363779594591,0.170051257329323,0.208564447579157,0.208049391428581,0.210129447069492,0.225115201178573
Mauritania,0.436648096787861,0.457147464613367,0.4549988625028439,0.4797148656492179,0.479465960892772,0.469165540883599,0.5370783934611331,0.54607723898494,0.5864311040700091,0.592410279892393,0.608562220346208,0.647501520954094,0.5762938386068149,0.641075541594355,0.729060396846109,0.674907746595919,0.8873151757514509,0.9084071262722242
Mauritius,2.14831390795018,2.16665656667118,2.26641502591955,2.26862669461091,2.40992498294327,2.6742388143883797,2.74275388624025,2.78911777873696,2.74163900310158,2.9270633397312897,2.906410391535,2.97002425387098,3.0349905812007005,3.1325985341025,3.1363728165182296,3.19753568141147,3.3053590307864904,3.26404031287368
Malawi,0.0769769001944629,0.0734185369683249,0.0733322150170543,0.0739726920459115,0.0720737845469054,0.0716835214152208,0.07345331307421,0.0801287946538651,0.0792742947932148,0.0715287460618783,0.0761924214205502,0.0727461205857881,0.0763923275081763,0.0675279550386598,0.0716618777621548,0.0790456263560902,0.0848887162692564,0.0865337262442186
Malaysia,5.34688873878253,5.631518426813249,5.82254513282233,6.251129635534969,6.47746268433045,6.590348185482661,7.048555882484701,7.38471059795375,6.526762285308571,7.05862884140643,7.03885614730842,6.993211720207269,7.459383568242379,7.757158613871289,7.682279041979669,7.45128215891124,7.165808461788111,7.6002204133699
North America,19.8033382822866,19.1891794141214,19.289542723553897,19.3343704425672,19.244361654006397,18.7312210358998,18.8946346286001,18.1270449936342,16.6912470968449,17.2699742549595,16.5390145067508,15.7740390145107,16.0824634186624,16.0130939953744,15.550833640324,15.1469245227553,14.8682233158805,15.2708756112257
Namibia,1.34893047908417,1.1504067741135802,1.20801676109952,1.24755141825105,1.30525672800513,1.2884780639146,1.30574587992321,1.4485788756091598,1.45600346749869,1.47719759098806,1.5393903087034,1.61292012810413,1.7103155308291105,1.75945907190293,1.8445713229205,1.84899009518058,1.8021970155118,1.73589837846669
New Caledonia,,,,,,,,,,,,,,,,,,
Niger,0.0561636929976809,0.0574241746587445,0.0600886323139429,0.0601862849322341,0.0557819700048604,0.0530261343191575,0.0558377556381833,0.0563900666143725,0.0681683437446803,0.0832117298169797,0.0823849809258319,0.10620836203722,0.0967343405341692,0.1029096294411349,0.0984918104059647,0.0947626145996287,0.0958227395971223,0.102037038018956
Nigeria,0.6790593550191372,0.6696160619329611,0.6723242892069801,0.6549639736560079,0.708889857599409,0.646843667742506,0.6158946143292591,0.6091051456827379,0.481062882519591,0.57241745455453,0.6270688850741021,0.602049396957054,0.644598562418289,0.658711745421674,0.5970603959134809,0.583027843306121,0.59159678883652,0.6671101985435229
Nicaragua,0.7637939140201271,0.7778785145355991,0.8559904688390179,0.838780748304265,0.790631276784933,0.8179540737830849,0.835410530036676,0.7869519832248659,0.764071180105327,0.774374156301328,0.8080589052919391,0.783949265611706,0.740623198957783,0.774899254957158,0.8468265856626959,0.853430457314994,0.845752980926861,0.805815232908442
Netherlands,10.4323895157601,10.3722048688182,10.5058136976433,10.5737831228393,10.2923626588156,10.0152323786571,10.0496310027973,10.0567975870496,9.71181075725506,10.3012904779748,9.51712069328873,9.401394046730749,9.34991435592706,8.88763290239767,9.33357253158707,9.2934281775427,9.10088763862349,8.772823733851201
Norway,7.705343072757,7.595591075588139,8.131693120592,8.15782539291929,7.86669063227904,8.01600282534061,8.06939167192062,7.774402648204401,7.75566888657588,8.561636831155361,8.108073185859,7.79305192930341,7.522211786189639,7.45148360050704,7.44708550869241,7.249949804365981,6.992651840981411,7.0313611886934995
Nepal,0.142522031256848,0.112838401455979,0.120410448118248,0.110545762857623,0.1239099613509679,0.10051143054735,0.101961195161081,0.11212536020272,0.144326279163254,0.171767831934949,0.192299016094688,0.222311476163022,0.2262527912405619,0.2649968323029429,0.23912611915003,0.342583453365919,0.399165017713445,0.428179218238
Nauru,7.82855465309717,7.91922391605623,7.00700700700701,7.066424389259031,7.108042242079611,5.088022794342121,4.06256347755434,4.04858299595142,4.02212166918049,3.996403237086621,3.97258913496872,3.94632991318074,4.898119122257049,4.859558752065309,4.81974166184693,5.72847049837693,6.61813368630046,6.55553474433414
New Zealand,8.17420435510888,7.99797391414461,8.30353595550258,8.04159021406728,8.287573477829651,8.19911102614348,7.905203844879019,8.068453918024321,7.2793194812439,7.15517043234422,6.92290145985401,7.26163199564438,7.1475203169672,7.038636112033651,6.98355534342865,6.61419995333149,6.838956290510219,6.5726645716851
OECD members,10.6631586048396,10.4986904849829,10.6055826362529,10.6326992529703,10.5880111027767,10.4565897652709,10.5128297356553,10.1810661501372,9.50990831522108,9.81994028951272,9.58612328583421,9.3834071704838,9.36849259807753,9.134525410513891,9.02832676350448,8.91541554958606,8.832749760690811,8.835263957669369
Oman,11.015447334789,11.5381650291666,11.596017708757698,11.253211990559098,11.0980410583716,14.5383924769244,15.4412866057847,14.5694805732989,14.8564800746544,15.2789719326568,16.1114600526222,16.7665752533354,16.200042233263098,16.0084226104381,16.0052829150518,15.5250348442596,14.9809491192102,15.1921243629744
Other small states,4.464927414811259,4.66013486230304,4.9129172882005,5.07276832844791,5.602476774743661,5.808591854385741,6.04700285425645,6.18925286107579,5.94581141880489,6.19994946493923,6.235335944463639,6.42241380086173,6.49713869121628,6.59415226298825,6.424559707000999,6.36173981543532,6.37157186256814,6.40668231484398
Pakistan,0.6837312542824828,0.6840535515635789,0.690167048447839,0.757349942359063,0.75899537558035,0.8076934459030061,0.871590791925153,0.8282018144657349,0.826887882628638,0.7837273500942679,0.772553017405329,0.767566766628333,0.7586499730140729,0.786820565567462,0.8203003532827379,0.886749484691346,0.950909547146283,0.9818201049616908
Panama,2.0131788774165,1.71789933617956,1.72324820757257,1.71593426962374,2.1379956050978004,2.20834968465415,2.16581139315239,2.07610252419939,2.43070058658114,2.52286016024966,2.6952803455786496,2.77406855874408,2.76630077276521,2.89133575867189,2.6962396276669502,2.6677743999179597,2.49588240278721,2.42765632047745
Peru,0.9836081845305672,1.01656900470404,0.984209645860984,1.1330634204918502,1.12502126236357,1.1059689407055802,1.2038943918851002,1.3500303424221,1.44759100608374,1.56988088610595,1.66004233005428,1.63928370385257,1.66319685916424,1.75504643146319,1.76628469693498,1.82790966161974,1.71700440833488,1.69681922982601
Philippines,0.8995533975310971,0.896451384780187,0.900279668260729,0.900950417695346,0.904707422079525,0.805678319760766,0.8339533363289741,0.8440961459062819,0.8388324815284529,0.889356817830437,0.883854312976234,0.905849289823312,0.9891621208194168,1.03876968838412,1.1131762918108798,1.20504926058478,1.29871832693512,1.3336909595387
Palau,11.3460546673543,11.200488748599902,11.1043811831213,11.5804843663461,13.1419328750505,12.7909951394218,12.5267498303669,11.2251443232842,10.9349371241115,11.6965578701125,12.395762902862302,11.9081372271052,12.4978696813043,12.4822695035461,12.4540050948203,14.6743424765775,15.1608737155371,16.191167439003998
Papua New Guinea,0.5657256930014211,0.5919370952876071,0.653985665019865,0.7727115423747299,0.75135852704167,0.713115349717635,0.7402508304689009,0.679452997333792,0.701211822795235,0.6866824102060161,0.689221749536549,0.6421174254550811,0.6715125132440761,0.7386683307467359,0.7930662085712329,0.9224148748888692,0.912534406695016,0.8668044568157092
Poland,7.67620311149769,7.51444584728516,7.7922615016999295,7.90472592192251,7.89588592508223,8.23491259480184,8.22049833475689,8.08692097119955,7.79154679293554,8.2470283334079,8.15983814311204,7.96964750486849,7.84249376633075,7.51715226889801,7.60929987280715,7.894108854688691,8.237562431490801,8.235472254590219
Pre-demographic dividend,0.435650005723967,0.4243012173940549,0.415223347269387,0.422743715835101,0.458719733937644,0.444244004486807,0.429512126116455,0.4459942914533039,0.454267638957573,0.4957761895211861,0.5220240946019791,0.535956494028605,0.553291131916388,0.5617121843374,0.538724920974399,0.5432910192745,0.536517456888832,0.5579259277277541
Puerto Rico,,,,,,,,,,,,,,,,,,
"Korea, Dem. People's Rep.",3.2157548905713904,3.05062847873941,3.0897399988463397,3.1315389626313697,3.2458775911329596,3.28166450812904,2.71370532814791,2.9958688437167997,2.26622029986483,2.10274701370818,1.5012123181117498,1.55237941862625,1.11594697045669,1.2539013312146,1.00461280078425,1.18896784827838,0.8800692855976621,0.709208588187231
Portugal,5.92315416740891,6.29676809092376,5.78650308672459,5.92625178834401,6.233261260952481,5.74494824699723,5.57717924484993,5.38350512593225,5.32727897067508,4.81788690166555,4.72362932344216,4.58589780314382,4.45239423770679,4.4158952230070305,4.81266984331839,4.722311430046839,5.177519101385401,4.840612760508691
Paraguay,0.6668580045618979,0.683302367805396,0.6994517824747559,0.6927774547530821,0.635291835040466,0.647702128724626,0.658505642309738,0.6873534851781589,0.7089586743608421,0.8066559357953091,0.8241262485631071,0.8066638532058659,0.81409796486261,0.8530918290470649,0.95234592552924,1.05490243406565,1.16498215101722,1.21045377784493
West Bank and Gaza,,,,,,,,,,,,,,,,,,
Pacific island small states,1.14388282205467,1.06176639045786,1.15392638245558,1.3605886716119298,1.31098489668282,1.31848757575354,1.24962006382458,1.05216611802615,1.07029456884967,1.12891841938777,1.1062499553931495,1.06235119920055,1.11960617743798,1.18783348640318,1.25341076437662,1.46285603149374,1.48361391819956,1.53950416562132
Post-demographic dividend,12.022592199208,11.851666279804402,11.9965989671278,12.0196270387624,11.9551799124527,11.783154493812,11.8405321780473,11.449346614945,10.6526428078906,11.030862954412902,10.7636062356415,10.523637625766,10.5369201419875,10.2616469900283,10.0830748340342,9.939321069529733,9.80816596204662,9.85358731175486
French Polynesia,,,,,,,,,,,,,,,,,,
Qatar,38.1943145917241,43.0663221360896,42.403023800548794,42.35848205041071,47.6999341352654,43.9814452666656,41.897802191489,38.443066257386896,34.5449755399578,33.5447003198248,32.305726026616696,33.3731315554366,31.9270180892664,32.6935322921826,32.4705695270077,32.1280420015378,32.179370630525604,32.4156391708326
Romania,4.2522197526926,4.30685061215354,4.61752547912737,4.50918964738911,4.49396883678159,4.6683552139875095,4.61811440530859,4.63582527403638,3.95335958726769,3.8277519523881,4.16676427996526,4.07467630802319,3.6034380632248504,3.58682381452108,3.6789166685507,3.61075200127985,3.7827902442809505,3.84513275926788
Russian Federation,10.2107543597331,10.266024099390402,10.5233635899653,10.6486331708991,10.6665457812381,11.1156521145174,11.1446288961332,11.3010597008039,10.4714525017549,11.0827154078026,11.624016825634598,11.639943908216,11.3166609056235,11.1727417641705,10.808909312187,10.6060314351022,10.7766445857301,11.1266183699469
Rwanda,0.0631746475279882,0.0617059731738028,0.0595992128229459,0.0599042729717911,0.0576908719466258,0.0563950804912609,0.0582288153056382,0.055645778711227,0.0572435005627241,0.0567766520063375,0.0631476704387199,0.0682485932258721,0.0721451471566765,0.0730807572140857,0.0818009148684685,0.089983322233962,0.0876390539656255,0.0877908243794144
South Asia,0.7731664462433431,0.785737829587573,0.795362374763142,0.839647472552924,0.8638377892016229,0.907528052704864,0.982300306885539,1.02328450576512,1.10290837130009,1.14982190181249,1.19854436184798,1.27424033641974,1.2918276921291498,1.38292180833402,1.3848155741126102,1.39975587202481,1.46285048165024,1.52665123826178
Saudi Arabia,11.7249516876337,12.2405897055774,12.3843076292118,12.718367421751198,12.9731159600566,13.4029637061132,13.7993119522419,14.7648370214846,15.0065885468896,16.017742011478,16.155250017590802,16.763902445783902,16.6171647878491,17.3631624405825,17.691712343615603,17.160324198637,16.3347636246112,15.2687805332958
Sudan,0.217724902047926,0.262673966633996,0.263063950982259,0.281655747900432,0.325045491829048,0.392902190347593,0.4147015852817899,0.438887767051561,0.443408062786582,0.459400595408646,0.434233117157849,0.4202379408771911,0.391124917071402,0.4036583931441579,0.457548872645847,0.51396033465945,0.498365757244717,0.4832358775750129
Senegal,0.443399240063523,0.445365254936602,0.425936800085757,0.4986084292021359,0.511265745204088,0.489357485043408,0.5305004381762489,0.533124526227228,0.539112314687235,0.5544976105727789,0.580796994647921,0.556633753644048,0.581174769701335,0.604596627521916,0.636556012470462,0.66161941756949,0.6206485693239809,0.6219123565280991
Singapore,10.2150501255192,9.90672781043834,9.28836359058682,9.508806085635891,8.650271627906099,8.44510737009996,8.34459494063439,7.93900726454293,7.78534970816467,8.35379925511136,8.63670807347973,8.22409752812127,8.134595702073769,8.12838088356926,8.22041256714993,8.232150936558758,8.45115143597411,8.39913483236136
Solomon Islands,0.5896935716324371,0.5971054166647529,0.604005225763731,0.67604552621421,0.7235304882979581,0.6859480425537221,0.6908701509551279,0.6357203307335021,0.6405503297863671,0.6441089605028599,0.646326465037432,0.647405164135193,0.682618946351402,0.57913841237721,0.513982819709749,0.581171965555875,0.550288508403692,0.5667405982329949
Sierra Leone,0.0904488344615949,0.106730678223115,0.111515429313253,0.104895201412589,0.0850215272735775,0.108075838359718,0.0901556537361755,0.0896700289666801,0.0876810514074004,0.0919628233272586,0.117320139845607,0.132586755685514,0.155886348653659,0.1681593660562909,0.1310669167720899,0.130989244418562,0.129533211714556,0.133330736434022
El Salvador,0.990382825985688,0.996286735347834,1.08607249659038,1.10893437548817,1.13018173454476,1.1892630763423,1.24962945129311,1.12691822764955,1.08482450690017,1.0575889526910098,1.09168776377423,1.08529731535598,1.03094823618481,1.04684196848227,1.10669819597127,1.12804365292944,0.998728265136995,1.0606254107781998
San Marino,,,,,,,,,,,,,,,,,,
Somalia,0.0555149232277596,0.0599915696057449,0.0590907442295851,0.0572542575697285,0.0555190958887535,0.0538837953218461,0.0559560625776503,0.0543993834268593,0.0520580377140855,0.0523086983719374,0.0509037228801326,0.049545880547084,0.0497561527501642,0.0484222864392791,0.047110994372483,0.0465259397975487,0.0452390524063577,0.0459747904898814
Serbia,6.153183482813799,6.6310750505367695,7.098369634163929,7.71121390049814,6.92267156795218,7.253524860930259,7.1231372041131,6.98618354656499,6.42961902970533,6.399288151195459,7.023680488751951,6.31330933118232,6.4418131882550504,5.43013635925064,6.3647022296047995,6.55113212460412,6.680095224828651,6.521922194069719
Sub-Saharan Africa (excluding high income),0.769616194088822,0.7722331485638242,0.79237213825625,0.819971383151394,0.8198713870114691,0.8054407833096991,0.8135155080322639,0.8373496629766558,0.7795895633603679,0.8143618000988391,0.798423048129468,0.80554548276298,0.817263477353069,0.823982107101728,0.7810905247167059,0.768156515200385,0.76295186539325,0.7631126755718242
South Sudan,0.0,0.0,0.0,0.0,0.0,0.0,0.0,0.0,0.0,0.0,0.0,0.140404332838161,0.140028565827429,0.1449566181791519,0.1838431371963469,0.1597042977995889,0.13931183983831,0.125729733551362
Sub-Saharan Africa,0.770464766573856,0.7729125318563042,0.7930463240376151,0.8208981060401,0.820706671787847,0.8063054315301551,0.814242138166072,0.838113399796914,0.780111851956177,0.8147824714387679,0.7987908206050491,0.8059567118375319,0.817618181067341,0.8243773071497421,0.78151815422518,0.76861242669,0.763443279504828,0.7636184940243641
Small states,4.41402923313681,4.55719334562854,4.72954781535807,4.87224915381799,5.36180602593173,5.62654048913666,5.789829541754759,5.7847670098365,5.856646163274631,5.78126792180679,5.842324523087549,6.020900888443889,6.0347800932123805,6.07525798460037,5.928435212286169,5.81685688432081,5.80046345004942,5.859845144176281
Sao Tome and Principe,0.3453992815694939,0.4069175991861649,0.465410059506,0.4553260134256129,0.508026823816297,0.494816794081991,0.481067006620685,0.525940557029488,0.5117212597440259,0.5544097753531589,0.5419437354013911,0.636962960603841,0.624752702055436,0.613098857081547,0.601687734094134,0.5904901560370239,0.627758515785712,0.663406497592782
Suriname,3.1894312320856804,2.32255281733952,2.52081207038599,2.8155890455355697,3.3836475720827095,3.02795215439785,2.7583184821032103,2.8233182885276604,2.77186764618734,3.28844169441683,3.6436543423951298,4.508108128082,4.1842150942362,4.77156149349875,4.91830252389401,4.0893423947968,3.73356050208501,3.61119261372218
Slovak Republic,7.17251421163602,7.082131900243111,7.13518173125489,6.96910808818602,7.16943675810428,7.04999428630347,6.9251381771592495,6.8875990313117095,6.2824822339793895,6.57525241921064,6.32226236592284,5.98604292235028,6.084908300579691,5.619481904068709,5.669455793086799,5.80025255956859,6.17366569398033,6.05863547411852
Slovenia,7.7206509844081,7.7812818057387005,7.72648445458385,7.866752928875741,7.963112742280081,8.12709156755701,8.07681597049138,8.60330596502476,7.61398050369938,7.71752962901674,7.662544091291929,7.37424768819522,7.08754034679432,6.387064859988941,6.382264186968841,6.74562551270144,6.84285816603658,6.7746953315839695
Sweden,5.90155531274871,6.052689547670701,6.16193223013165,5.95872744531597,5.56061793405047,5.3851630498524,5.152987092827661,5.00562006942356,4.6114890388411505,5.132155400769831,4.71891151146662,4.427812164959589,4.22379158156152,4.03254501031857,4.0003322724969195,3.90906658564348,3.8110112274200296,3.53800912688421
Eswatini,1.06550066692449,1.04999342527481,0.977712075526302,0.964642444072662,0.98003541712151,0.974814085580955,0.997457442615026,0.97147668265476,1.01185669083144,0.948498414317255,0.951466798006397,0.98213168903487,1.42614894699602,0.876694714809383,0.932938902465314,1.1041352107821,0.924602243227289,0.959275667664665
Sint Maarten (Dutch part),,,,,,,,,,,,,,,,,,
Seychelles,7.88157927144652,6.449840545608731,6.64403667508245,9.093664746893,8.44818846701586,8.74704491725768,7.644091117566121,8.0500483002898,5.84205823730211,4.90141472652334,4.57451310026189,5.096089600579821,4.55813850070596,5.0350813822393,5.35223027435532,5.703602775753349,6.1559007960936105,6.40747400839172
Syrian Arab Republic,2.4632370812012403,2.45776495689575,2.4277623002508,2.5061943892545098,3.02812815169049,3.0866890561368705,3.12502248059274,3.1000718785007995,2.7897931860669,2.7946113713719702,2.65252316522667,2.25012538614554,1.55936629560253,1.44676490380296,1.44687477548854,1.5149808763723502,1.70218550675028,1.64708751139417
Turks and Caicos Islands,,,,,,,,,,,,,,,,,,
Chad,0.0599213025877129,0.058763357299174,0.0810760671664011,0.0790979871000428,0.0792343583948307,0.0784154569488622,0.0813456718694927,0.0849458970639926,0.0839090038859384,0.0861770793399739,0.0663377500791603,0.069614199669794,0.0695892487031249,0.0687961162689495,0.068740840017317,0.0700469685526195,0.0679241016088623,0.0691315979407054
East Asia & Pacific (IDA & IBRD countries),2.3649672371604304,2.51884372876744,2.8556486105251495,3.2446294626619796,3.60705430944879,3.91783489723923,4.20959468554803,4.30062792259034,4.5431930978614,4.941491630093259,5.35402681823534,5.46104839666543,5.63238131357836,5.60601081374396,5.5655390345279,5.5354199045757495,5.62277120079195,5.782778671000941
Europe & Central Asia (IDA & IBRD countries),6.69452234523888,6.7561827389718605,6.99845125794016,7.045202213297469,7.04312518511689,7.360783114296889,7.45659864215332,7.56232618361552,6.93866961470388,7.28880752529575,7.61644830335256,7.538256439274019,7.35122002975918,7.08713116456562,6.88333921916549,6.93523669803192,7.053041294260911,7.14175117866091
Togo,0.233083150833835,0.257839077628804,0.343299074086754,0.325544051779793,0.3118516270546789,0.272433180556739,0.2533629711706719,0.258078642315659,0.4511393668690929,0.4095505315280719,0.3805371759805539,0.329209261498003,0.251627635386092,0.222751564619598,0.24852652447126,0.306260279692866,0.268884386987762,0.286471388670057
Thailand,2.70431524229377,2.85332586181609,2.95662886493631,3.21269369265038,3.30361647940084,3.31380615305229,3.38686928833165,3.4316344055055295,3.3095630039849104,3.50502102595918,3.47490569938002,3.71587527554888,3.85152032550116,3.779437928934641,3.8285940704904,3.78012232419006,3.76622871290066,3.7140392035807097
Tajikistan,0.340270095323106,0.331421513550705,0.3317256613493739,0.3872483617368,0.360860987804666,0.38569379379683,0.46016611005446,0.420254083122097,0.324518734643067,0.32149227681229,0.329976965269405,0.3796903504554629,0.3920701577288321,0.54163251675668,0.563045812884972,0.687937716243006,0.717320531920764,0.805419539521981
Turkmenistan,8.34559025715329,8.65723300863467,9.53873831767671,9.95450946507587,10.171091385868,10.3386323068435,11.5397045917758,11.517971378297,10.0599985662805,11.275333380117305,12.255328294366,12.5856459853308,12.6304977511825,12.7123822151779,12.9517223113362,12.7190535554806,12.4981177271975,12.259648170487198
Latin America & the Caribbean (IDA & IBRD countries),2.39257415448392,2.3742212530898397,2.37120383770817,2.44426835773795,2.51170563207544,2.5441595343546,2.61818707955512,2.68978534519054,2.5894005597285803,2.70705530228988,2.78323711659288,2.8474976814294304,2.89428794167088,2.8843607946828995,2.84149718584368,2.7549684978099,2.67757311415746,2.61446299059836
Timor-Leste,0.0,0.184242098452475,0.179493406256929,0.2057848169904179,0.211027704922975,0.196765761183428,0.1929779194664549,0.198971412545432,0.214095687740509,0.219475325943721,0.224587074205366,0.264783292527286,0.398859608354548,0.451320025921097,0.509908099513999,0.565903571671687,0.4826021910139471,0.504741812732901
Middle East & North Africa (IDA & IBRD countries),2.93328504340964,2.97397896294944,3.01182714205006,3.14922948327672,3.37827260060654,3.4960194744952298,3.5947964397089396,3.66805797435391,3.78853663810556,3.78240567122425,3.7413779689428504,3.85592063162099,3.86312524992354,3.93097944402994,3.8259079656349098,3.79630437091991,3.83330019291026,3.8613471193232103
Tonga,1.01541398428139,1.0098663946759798,1.20492815615869,1.29722394076676,1.28830221587981,1.47472324360462,1.26734063191554,1.25744796099977,1.34748837791274,1.15405699118108,1.06220668610827,1.07070549758605,1.17915258234416,1.08886095245637,1.09148640603294,1.483048752756,1.76467128095528,1.84110311146426
South Asia (IDA & IBRD),0.7731664462433431,0.785737829587573,0.795362374763142,0.839647472552924,0.8638377892016229,0.907528052704864,0.982300306885539,1.02328450576512,1.10290837130009,1.14982190181249,1.19854436184798,1.27424033641974,1.2918276921291498,1.38292180833402,1.3848155741126102,1.39975587202481,1.46285048165024,1.52665123826178
Sub-Saharan Africa (IDA & IBRD countries),0.770464766573856,0.7729125318563042,0.7930463240376151,0.8208981060401,0.820706671787847,0.8063054315301551,0.814242138166072,0.838113399796914,0.780111851956177,0.8147824714387679,0.7987908206050491,0.8059567118375319,0.817618181067341,0.8243773071497421,0.78151815422518,0.76861242669,0.763443279504828,0.7636184940243641
Trinidad and Tobago,12.1340613245865,12.5429647434643,11.9355170447286,12.3787414300276,15.171650994950198,17.0588199165945,16.8672857197447,16.0827844975347,15.284789930662,17.0312857641942,17.3554461225284,16.4483712989306,16.7909179823123,16.0899982897036,15.5144884597309,13.2335145470661,13.142493822522098,12.7784401237264
Tunisia,2.2105562484461,2.20133982882228,2.199032666947,2.27792523815444,2.28955261508663,2.35952378595051,2.37949003802041,2.38035225180459,2.38369148400803,2.58010041141506,2.39436850485651,2.45966785449202,2.4440906280126,2.6059379772298996,2.6538577852443197,2.56459206885527,2.61426178197669,2.59225886480332
Turkey,3.08105762872315,3.1947019647156103,3.3161141327924297,3.3516920299419803,3.4609428818363197,3.7972966430132,4.15295056668079,4.07846720977687,4.03567478745441,4.108009911431131,4.32606104299246,4.40556452484269,4.19055775418873,4.410763371013441,4.477175959535059,4.69247155642438,5.12719670144346,5.015418370322401
Tuvalu,1.05507491031863,1.04242676951944,1.02838338132456,1.01306858474319,1.00030009002701,0.98833761612967,0.978569331637146,0.9694619486185172,0.960338038989724,0.95047999239616,0.9410878976096372,0.930752047654505,0.921743939533598,0.9113278046113192,0.900982070456798,0.8903133903133901,0.87989441267048,0.8691873098652759
Tanzania,0.0910258170446802,0.101033570597137,0.1034735805805189,0.136437451213579,0.147723076344508,0.153228935711763,0.145275179212051,0.1457449266907799,0.137670599526441,0.155818272328488,0.178659319448118,0.209763311113228,0.22296414348809,0.214569239341838,0.227066841446625,0.205846527728178,0.2078289114347889,0.20563473262264
Uganda,0.0553528820031544,0.0611906079092198,0.0623543453492338,0.0659923269938445,0.0805502266784518,0.0909998521252403,0.0997072033536891,0.104496181518937,0.108560363509761,0.118723958593524,0.1242652666750549,0.1131408299502009,0.119626209278797,0.128415159165713,0.127140436055594,0.143004243745513,0.141862619267839,0.143462178127508
Ukraine,6.176226408890639,6.30548600517774,6.906706381988701,6.4726970578416,6.27128601231487,6.49720848086293,6.71133796630807,6.5140898620134005,5.4782139428741905,5.874332834518629,6.20311264456116,6.081809050102099,5.904640106250111,5.24847999835661,4.227086145743431,4.47175785501208,3.89996818059592,4.15418063140229
Upper middle income,3.40917872164365,3.53202117082133,3.832840639376201,4.186121544813069,4.502614057716309,4.80748539750568,5.06730898180024,5.196509669884519,5.27842716023563,5.67965061976719,6.05641130165718,6.173022899725491,6.310043581525849,6.24646053799776,6.1508670892112605,6.094382506920179,6.1613875739279695,6.26183680415772
Uruguay,1.4885109507796002,1.36197755533147,1.3509199644608798,1.64384254517406,1.62863556765476,1.90352868509471,1.75583244015988,2.3202057588405096,2.28977369751582,1.86945211062036,2.25888012975055,2.52147470756664,2.17145271366682,1.91151789518942,1.93141116402546,1.90704875006534,1.76916731288801,1.8902440792163
United States,20.1750046772639,19.4494784745785,19.5087047137039,19.603572883438694,19.478026004217803,18.9576435024889,19.0560269540732,18.2948056259689,16.8188684811099,17.4341958733314,16.599403740534,15.7711446187591,16.1029578354008,16.0263790723251,15.535342110601,15.1317468158119,14.8058824221278,15.2408745833286
Uzbekistan,4.91659139296079,4.961647049978531,4.62733180405708,4.694879244983929,4.38758741926854,4.60317310505602,4.40486824475212,4.54898398699035,4.11849867110352,4.2909559420777,4.26184584551831,3.73776217904583,3.74067558988467,3.42710930921363,3.24388397036318,3.3707089007438498,3.4388642917569796,3.4011912817354
St. Vincent and the Grenadines,1.9463727952693897,2.12775799065637,2.12329905282399,2.30372281607077,2.3016654851450498,2.30198338888787,2.76456928010616,2.02950157286372,9.14186512516968,2.30925549602808,2.12343627383096,3.68884585235394,2.02533510089851,2.66377631627292,2.01585192651303,2.46649675244594,2.45843425054177,2.54060430088014
"Venezuela, RB",5.57037151485095,5.79990595371621,5.40474452817559,5.4907192842262305,5.96123438448467,5.58245584109461,5.607099135076151,5.9158714519380995,5.8481660132831506,6.02673521626732,5.891053315001769,6.264469321657731,6.3019948997090305,6.26935290325628,5.78023402634421,5.428918568867919,5.058756948393469,4.782754886893
British Virgin Islands,,,,,,,,,,,,,,,,,,
Virgin Islands (U.S.),,,,,,,,,,,,,,,,,,
Vietnam,0.692572065516921,0.8129083567494191,0.856118923496674,1.01682077512924,1.0979014360775,1.13168019705606,1.23367488028624,1.36381412686027,1.5124193025211798,1.69880622599295,1.67680521325065,1.63994255535232,1.6928441923417,1.83789035134824,2.25730024603062,2.3907407093954705,2.34808129158276,2.6988059222891896
Vanuatu,0.475664476848353,0.412526363012886,0.4523522316043429,0.3429304879900839,0.334476925870357,0.326524519659108,0.501221157000693,0.4450378282153979,0.56461840482271,0.5503437531750601,0.5357334190506801,0.48095228552534,0.428620970475808,0.606317831807433,0.5163612758549471,0.646723626251231,0.595448670573277,0.615016656701119
World,3.82765888146696,3.83475135105644,3.95850274353281,4.0922516616783495,4.19630121305972,4.28100643229647,4.39186677996519,4.3769172157898595,4.27713136952081,4.48314795598468,4.570123102894691,4.57876814606997,4.61022927939351,4.560774243390361,4.4887700911603705,4.43675907864533,4.44130858245966,4.48352391238305
Samoa,0.85521739626213,0.906978062468114,0.901504949825615,0.951863693119145,1.05718832418958,1.0504550128819,1.04369798676152,1.03672177661374,1.02951455679398,1.02181301897345,1.0668430513845,1.05770298642438,1.04870170728638,1.0924981791697,1.24024598211979,1.54209931119564,1.53564225677986,1.6315875346712398
Kosovo,,,,,,,,,,,,,,,,,,
"Yemen, Rep.",0.841594455388211,0.8208772173715401,0.91651298833221,0.94165351081182,0.963823496763582,0.938241021889004,0.9693403702213,1.00538325406062,1.13916643394807,1.03606785860105,0.869050730300838,0.804145730819735,1.04783404153924,1.03432967692048,0.536269296401475,0.4004680470299659,0.3614179381350929,0.326681762802864
South Africa,7.03513388873587,7.1812230453599,7.55813407176488,8.03461755689857,7.887120032656241,7.827679844017251,8.08025021943305,8.56899406245209,8.00403938323371,8.30017911837692,7.867123605430139,8.07663305380863,8.13733274039167,8.21315797849318,7.671201555025211,7.56445088105357,7.632729355369401,7.4966448945296
Zambia,0.171152850999659,0.174995606881119,0.185666542888971,0.182673844681001,0.1931471720723699,0.1790772396278539,0.1583625250920619,0.169669201872183,0.186906807357802,0.194032244337162,0.2182098392813219,0.277909358410989,0.2840575830277199,0.311692501321284,0.319282188147263,0.34161502260312,0.414747987493242,0.446065443448411
Zimbabwe,1.16572539233369,1.04481293874928,0.8495922166002808,0.812817998402817,0.8702710683227379,0.8086876915594392,0.796349845625624,0.613915542830989,0.6186654643535339,0.772579157468171,0.891089823017463,0.9233596964853392,0.925816482499597,0.894256225384953,0.8975983597692941,0.783302583301985,0.718570495664028,0.849792905399696
